StudyIdStr,Greater is worse.,Outcome measure units,Outcome measure average type,Number of animals in cohort,Outcome measure error type,Time,Average,Error,ExperimentLabel,CohortLabel,tmz_concentration_in_microM,tmz_concentration_in_microM_numeric,tmz_concentration_in_microM_numeric_manually,microg/ml,mg/ml,raw data in different unit
086dce0d-1142-4bf2-bd43-9533e23bfb18,TRUE,Viability (% of control),Mean,3,SD,4,"98,3",1,e,tmz 0.25 uM,tmz 0.25 uM,NA,0.25,,,
0a8024aa-6d58-43b2-96ea-61543cae0549,TRUE,Cell viability (%),Mean,3,SD,0,"91,9","3,2",e,tmz 6.6 ug/ml,tmz 6.6 ug/ml,NA,33.9941591853763,x,,"6,6"
0bcb0299-c385-4142-93f6-6ee7d5767ee6,TRUE,Cell proliferation (%),Mean,3,SEM,667,71,4,e,tmz,tmz,NA,100,,,
0bf1cda2-d9a8-491b-9086-af32efd2810a,TRUE,Cell viability (% of vehicle control),Mean,10,SEM,2,91,3,e,tmz 4 uM,tmz 4 uM,NA,4,,,
0bf1cda2-d9a8-491b-9086-af32efd2810a,TRUE,Cell viability (% of vehicle control),Mean,10,SEM,2,96,3,e,tmz 0.4 uM,tmz 0.4 uM,NA,0.4,,,
1ef05e18-9607-4927-9137-69fd633b2773,TRUE,Cell viability (percent (%) of the cell viability in the control group set to 100%),Mean,4,SEM,,,,,tmz,,,1,,,
1ff23659-a3b2-41fd-80ea-4116183d0f15,TRUE,Cell viability (%),Mean,3,SEM,1,"95,5",1,e,tmz 30 uM,tmz 30 uM,NA,30,,,
1ff23659-a3b2-41fd-80ea-4116183d0f15,TRUE,Cell viability (%),Mean,3,SEM,1,"76,5","3,5",e,tmz 120 uM,tmz 120 uM,NA,120,,,
1ff23659-a3b2-41fd-80ea-4116183d0f15,TRUE,Cell viability (%),Mean,3,SEM,1,82,7,e,tmz 90 uM,tmz 90 uM,NA,90,,,
22d86549-4c32-417f-b3a6-4af9ba1dcb23,TRUE,Relative Cell Viability,Mean,6,SD,0,"0,69","0,09",e mtt,tmz 50 uM mtt,tmz 50 uM mtt,NA,50,,,
22d86549-4c32-417f-b3a6-4af9ba1dcb23,TRUE,Cell viability (%),Mean,3,SD,"4,5",20,2,e tb,tmz 50 uM tb,tmz 50 uM tb,NA,50,,,
328a9e48-df61-4a25-bff9-ed2c9cb6edb8,TRUE,Proliferation (number of cells per mL/10^6),Mean,0,SD,3,"1,63","0,04",e,tmz 10 mM,tmz 10 mM,NA,10000,,,
35c0a928-2ad6-4912-919e-46eab215fafb,TRUE,% of control,Mean,4,SD,3,"83,2",1,e,tmz 0.1 uM,tmz 0.1 uM,NA,0.1,,,
3b27a4cf-4334-48f3-a0ff-0368092c00ec,TRUE,Cell growth (%) (s normalized to the untreated control),Mean,0,SEM,0,"0,02","0,02",e2,tmz 5 mol/L,tmz 5 mol/L,NA,5,,,
3b27a4cf-4334-48f3-a0ff-0368092c00ec,TRUE,Cell growth (%) (s normalized to the untreated control),Mean,0,SEM,6,"0,26","0,02",e2,tmz 5 mol/L,tmz 5 mol/L,NA,5,,,
3b27a4cf-4334-48f3-a0ff-0368092c00ec,TRUE,Cell growth (%) (s normalized to the untreated control),Mean,0,SEM,9,"0,68","0,02",e2,tmz 5 mol/L,tmz 5 mol/L,NA,5,,,
3b27a4cf-4334-48f3-a0ff-0368092c00ec,TRUE,Cell growth (%) (s normalized to the untreated control),Mean,0,SEM,9,"88,5",3,e,tmz 4 mol/L,tmz 4 mol/L,NA,4,,,
3b27a4cf-4334-48f3-a0ff-0368092c00ec,TRUE,Cell growth (%) (s normalized to the untreated control),Mean,0,SEM,9,"21,5",3,e,tmz 32 mol/L,tmz 32 mol/L,NA,32,,,
3b27a4cf-4334-48f3-a0ff-0368092c00ec,TRUE,Cell growth (%) (s normalized to the untreated control),Mean,0,SEM,9,"12,5",3,e,tmz 512 mol/L,tmz 512 mol/L,NA,512,,,
3b27a4cf-4334-48f3-a0ff-0368092c00ec,TRUE,Cell growth (%) (s normalized to the untreated control),Mean,0,SEM,9,16,3,e,tmz 128 mol/L,tmz 128 mol/L,NA,128,,,
3b27a4cf-4334-48f3-a0ff-0368092c00ec,TRUE,Cell growth (%) (s normalized to the untreated control),Mean,0,SEM,9,"35,5",3,e,tmz 16 mol/L,tmz 16 mol/L,NA,16,,,
3b27a4cf-4334-48f3-a0ff-0368092c00ec,TRUE,Cell growth (%) (s normalized to the untreated control),Mean,0,SEM,9,15,3,e,tmz 256 mol/L,tmz 256 mol/L,NA,256,,,
3b27a4cf-4334-48f3-a0ff-0368092c00ec,TRUE,Cell growth (%) (s normalized to the untreated control),Mean,0,SEM,9,16,3,e,tmz 64 mol/L,tmz 64 mol/L,NA,64,,,
3b27a4cf-4334-48f3-a0ff-0368092c00ec,TRUE,Cell growth (%) (s normalized to the untreated control),Mean,0,SEM,9,63,3,e,tmz 8 mol/L,tmz 8 mol/L,NA,8,,,
3b27a4cf-4334-48f3-a0ff-0368092c00ec,TRUE,Cell growth (%) (s normalized to the untreated control),Mean,0,SEM,1,97,3,e,tmz 2 mol/L,tmz 2 mol/L,NA,2,,,
3c41250d-a6ef-47cd-bdce-1323921aa009,TRUE,% of living cells,Mean,0,SEM,1,75,4,e,tmz 0.25 mg/ml,tmz 0.25 mg/ml,NA,1287.65754490062,,x,"0,25"
3c41250d-a6ef-47cd-bdce-1323921aa009,TRUE,% of living cells,Mean,0,SEM,1,69,7,e,tmz 0.5 mg/ml,tmz 0.5 mg/ml,NA,2575.31508980124,,x,"0,5"
3c41250d-a6ef-47cd-bdce-1323921aa009,TRUE,% of living cells,Mean,0,SEM,1,89,11,e,tmz 0.06 mg/ml,tmz 0.06 mg/ml,NA,309.037810776148,,x,"0,06"
3c41250d-a6ef-47cd-bdce-1323921aa009,TRUE,% of living cells,Mean,0,SEM,1,99,6,e,tmz 0.03 mg/ml,tmz 0.03 mg/ml,NA,154.518905388074,,x,"0,03"
3c41250d-a6ef-47cd-bdce-1323921aa009,TRUE,% of living cells,Mean,0,SEM,1,85,8,e,tmz 0.125 mg/ml,tmz 0.125 mg/ml,NA,643.828772450309,,x,125
3eedd5d4-fa1a-4ae8-ad65-8cab83302689,TRUE,Cell viability (% of control),Mean,3,SD,6,60,18,e,tmz IC50,tmz IC50,NA,20.5,,,
3eedd5d4-fa1a-4ae8-ad65-8cab83302689,TRUE,Cell viability (% of control),Mean,3,SD,6,78,12,e,tmz IC25,tmz IC25,NA,12.2,,,
41561b20-5972-4095-aa53-32465f12d018,TRUE,Cell number *1000,Mean,3,SEM,2,"84,5",4,e3,tmz 70 uM cc,tmz 70 uM cc,NA,70,,,
41561b20-5972-4095-aa53-32465f12d018,TRUE,Cell viability (% of control),Mean,3,SEM,1,"0,6","0,04",e,tmz 70 uM mtt,tmz 70 uM mtt,NA,70,,,
41561b20-5972-4095-aa53-32465f12d018,TRUE,Cell viability (% of control),Mean,3,SEM,2,"0,74","0,08",e,tmz 70 uM mtt,tmz 70 uM mtt,NA,70,,,
41561b20-5972-4095-aa53-32465f12d018,TRUE,Cell viability (% of control),Mean,3,SEM,3,"0,82","0,09",e,tmz 70 uM mtt,tmz 70 uM mtt,NA,70,,,
41561b20-5972-4095-aa53-32465f12d018,TRUE,Cell viability (% of control),Mean,3,SEM,4,"1,03","0,09",e,tmz 70 uM mtt,tmz 70 uM mtt,NA,70,,,
41561b20-5972-4095-aa53-32465f12d018,TRUE,Cell viability (% of control),Mean,3,SEM,2,"60,5",6,e2,tmz 70 uM mtt,tmz 70 uM mtt,NA,70,,,
427b652e-42e6-436e-bbd4-387c914bca80,TRUE, cell survival (%),Mean,3,SD,3,73,6,3 bz,tmz 70 uM bz,tmz 70 uM bz,NA,70,,,
427b652e-42e6-436e-bbd4-387c914bca80,TRUE, cell survival (%),Mean,3,SD,3,79,6,3 bz,tmz 20 uM bz,tmz 20 uM bz,NA,20,,,
427b652e-42e6-436e-bbd4-387c914bca80,TRUE,cell survival (%),Mean,3,SD,3,72,"5,7",e mtt,tmz 70 uM mtt,tmz 70 uM mtt,NA,70,,,
427b652e-42e6-436e-bbd4-387c914bca80,TRUE,cell survival (%),Mean,3,SD,3,"85,5","17,6",e mtt,tmz 50 uM mtt,tmz 50 uM mtt,NA,50,,,
427b652e-42e6-436e-bbd4-387c914bca80,TRUE,cell survival (%),Mean,3,SD,3,"79,4","6,2",e mtt,tmz 20 uM mtt,tmz 20 uM mtt,NA,20,,,
4460c6e8-45ac-4cf5-9d06-ebbdaafb7912,TRUE,Cell viability (%),Mean,3,SD,1,"92,3","0,5",e tb,tmz 100 uM tb,tmz 100 uM tb,NA,100,,,
4460c6e8-45ac-4cf5-9d06-ebbdaafb7912,TRUE,Cell viability (%),Mean,3,SD,2,"90,9","0,5",e tb,tmz 100 uM tb,tmz 100 uM tb,NA,100,,,
4460c6e8-45ac-4cf5-9d06-ebbdaafb7912,TRUE,Cell viability (%),Mean,3,SD,3,"74,3","0,5",e tb,tmz 100 uM tb,tmz 100 uM tb,NA,100,,,
4460c6e8-45ac-4cf5-9d06-ebbdaafb7912,TRUE,OD Absorbance (490nm),Mean,3,SD,3,1,"0,09",e mts,tmz 100 uM mts,tmz 100 uM mts,NA,100,,,
48a8b193-0684-4a6b-b3bc-47f74d80bd32,TRUE,Cell Viability (%),Mean,6,SD,1,"0,38","0,07",e,tmz 1600 uM,tmz 1600 uM,NA,1600,,,
4b98515f-057a-4d17-af4a-527e9b58ec36,TRUE,Cell proliferation (%),Mean,0,SEM,1,"78,4","1,7",e,tmz 700 uM,tmz 700 uM,NA,700,,,
4b98515f-057a-4d17-af4a-527e9b58ec36,TRUE,Cell proliferation (%),Mean,0,SEM,2,"59,4","1,3",e,tmz 700 uM,tmz 700 uM,NA,700,,,
4b98515f-057a-4d17-af4a-527e9b58ec36,TRUE,Cell proliferation (%),Mean,0,SEM,3,"50,5",1,e,tmz 700 uM,tmz 700 uM,NA,700,,,
4b98515f-057a-4d17-af4a-527e9b58ec36,TRUE,Cell proliferation (%),Mean,0,SEM,1,"69,4","1,7",e,tmz 900 uM,tmz 900 uM,NA,900,,,
4b98515f-057a-4d17-af4a-527e9b58ec36,TRUE,Cell proliferation (%),Mean,0,SEM,2,"46,7","1,3",e,tmz 900 uM,tmz 900 uM,NA,900,,,
4b98515f-057a-4d17-af4a-527e9b58ec36,TRUE,Cell proliferation (%),Mean,0,SEM,3,"36,3","0,5",e,tmz 900 uM,tmz 900 uM,NA,900,,,
4b98515f-057a-4d17-af4a-527e9b58ec36,TRUE,Cell proliferation (%),Mean,0,SEM,1,"83,3","1,7",e,tmz 600 uM,tmz 600 uM,NA,600,,,
4b98515f-057a-4d17-af4a-527e9b58ec36,TRUE,Cell proliferation (%),Mean,0,SEM,2,"71,2","1,3",e,tmz 600 uM,tmz 600 uM,NA,600,,,
4b98515f-057a-4d17-af4a-527e9b58ec36,TRUE,Cell proliferation (%),Mean,0,SEM,3,55,1,e,tmz 600 uM,tmz 600 uM,NA,600,,,
4f7e8b69-fe49-476a-bf2c-b8e84d4229ba,TRUE,Viable cells (%),Mean,3,SD,3,"26,3","2,7",e,tmz 30 uM,tmz 30 uM,NA,30,,,
4f7e8b69-fe49-476a-bf2c-b8e84d4229ba,TRUE,Viable cells (%),Mean,3,SD,0,58,2,e2,22.5 uM,22.5 uM,NA,22.5,,,
4f7e8b69-fe49-476a-bf2c-b8e84d4229ba,TRUE,Viable cells (%),Mean,3,SD,3,79,"1,01",e,tmz 1.875 uM,tmz 1.875 uM,NA,1875,,,
545a7bc3-c653-410d-883e-f33e1f323ac0,TRUE,Cell viability (%),Mean,2,SEM,4,"39,1","1,8",e,tmz 1500 uM,tmz 1500 uM,NA,1500,,,
5aa91e77-7ec3-40da-9680-37ce98a0ebbf,TRUE,Cell viability (%),Mean,6,SD,3,50,"1,5",e,tmz 160 uM,tmz 160 uM,NA,160,,,
5aa91e77-7ec3-40da-9680-37ce98a0ebbf,TRUE,Cell viability (%),Mean,6,SD,3,"72,6","5,5",e,tmz 80 uM,tmz 80 uM,NA,80,,,
5aa91e77-7ec3-40da-9680-37ce98a0ebbf,TRUE,Cell viability (%),Mean,6,SD,3,"31,5","6,5",e,tmz 320 uM,tmz 320 uM,NA,320,,,
5aa91e77-7ec3-40da-9680-37ce98a0ebbf,TRUE,Cell viability (%),Mean,6,SD,3,"9,4","6,5",e,tmz 640 uM,tmz 640 uM,NA,640,,,
5d6b5ba3-32aa-4c8e-bcbc-0bc0b4efc606,TRUE,Cell amount,Mean,3,SD,1,"205,3","5,8",e,tmz 200 uM lG,tmz 200 uM lG,NA,200,,,
5d6b5ba3-32aa-4c8e-bcbc-0bc0b4efc606,TRUE,Cell amount,Mean,3,SD,2,"201,1",10,e,tmz 200 uM lG,tmz 200 uM lG,NA,200,,,
5d6b5ba3-32aa-4c8e-bcbc-0bc0b4efc606,TRUE,Cell amount,Mean,3,SD,3,"194,8","12,6",e,tmz 200 uM lG,tmz 200 uM lG,NA,200,,,
5d6b5ba3-32aa-4c8e-bcbc-0bc0b4efc606,TRUE,Cell amount,Mean,3,SD,4,"149,1","8,4",e,tmz 200 uM lG,tmz 200 uM lG,NA,200,,,
5d6b5ba3-32aa-4c8e-bcbc-0bc0b4efc606,TRUE,Cell amount,Mean,3,SD,5,60,"8,4",e,tmz 200 uM lG,tmz 200 uM lG,NA,200,,,
5d6b5ba3-32aa-4c8e-bcbc-0bc0b4efc606,TRUE,Cell amount,Mean,3,SD,1,218,"8,3",e,tmz 200 uM hG,tmz 200 uM hG,NA,200,,,
5d6b5ba3-32aa-4c8e-bcbc-0bc0b4efc606,TRUE,Cell amount,Mean,3,SD,2,224,"12,5",e,tmz 200 uM hG,tmz 200 uM hG,NA,200,,,
5d6b5ba3-32aa-4c8e-bcbc-0bc0b4efc606,TRUE,Cell amount,Mean,3,SD,3,227,12,e,tmz 200 uM hG,tmz 200 uM hG,NA,200,,,
5d6b5ba3-32aa-4c8e-bcbc-0bc0b4efc606,TRUE,Cell amount,Mean,3,SD,4,"205,3","7,3",e,tmz 200 uM hG,tmz 200 uM hG,NA,200,,,
5d6b5ba3-32aa-4c8e-bcbc-0bc0b4efc606,TRUE,Cell amount,Mean,3,SD,5,114,"14,6",e,tmz 200 uM hG,tmz 200 uM hG,NA,200,,,
62452ec0-afbf-4afd-b275-20070bbf2e65,TRUE,OD 450,Mean,3,SD,0,"0,38","0,05",e,tmz (unknown concentration),tmz (unknown concentration),NA,NA,,,
62452ec0-afbf-4afd-b275-20070bbf2e65,TRUE,OD 450,Mean,3,SD,1,"0,66","0,09",e,tmz (unknown concentration),tmz (unknown concentration),NA,NA,,,
62452ec0-afbf-4afd-b275-20070bbf2e65,TRUE,OD 450,Mean,3,SD,2,"0,71","0,07",e,tmz (unknown concentration),tmz (unknown concentration),NA,NA,,,
627d5a8d-c882-4fd4-aabd-79b753123d56,TRUE,Viability (%),Mean,0,SD,1,"67,3","8,1",e,tmz,tmz,NA,10,,,
64a785ad-4714-4ec6-b731-4d66128602f7,TRUE,Cell growth (%),Mean,3,SD,3,"97,6","7,5",e,tmz 0.1 uM,tmz 0.1 uM,NA,0.1,,,
65125fda-7b0f-44e5-8f71-2505146d4f2e,TRUE,Normalised cell viability,Mean,3,SD,3,80,1,e,tmz 2.48 log conc.,tmz 2.48 log conc.,NA,300,,,
65125fda-7b0f-44e5-8f71-2505146d4f2e,TRUE,Normalised cell viability,Mean,3,SD,3,0,1,e,tmz 3.18 log conc.,tmz 3.18 log conc.,NA,1500,,,
65125fda-7b0f-44e5-8f71-2505146d4f2e,TRUE,Normalised cell viability,Mean,3,SD,3,"41,3",1,e,tmz 2.95 log conc.,tmz 2.95 log conc.,NA,900,,,
65125fda-7b0f-44e5-8f71-2505146d4f2e,TRUE,Normalised cell viability,Mean,3,SD,3,"66,2",1,e,tmz 2.76 log conc.,tmz 2.76 log conc.,NA,600,,,
65125fda-7b0f-44e5-8f71-2505146d4f2e,TRUE,Normalised cell viability,Mean,3,SD,3,"28,1",1,e,tmz 3.08 log conc.,tmz 3.08 log conc.,NA,1200,,,
65b98083-98fc-469f-bd94-4a2074894498,TRUE,relative quantity (%),Mean,3,SEM,2,"62,7","4,7",e,tmz 12800,tmz 12800,NA,12800,,,
65b98083-98fc-469f-bd94-4a2074894498,TRUE,relative quantity (%),Mean,3,SEM,3,42,"2,9",e,tmz 12800,tmz 12800,NA,12800,,,
65b98083-98fc-469f-bd94-4a2074894498,TRUE,relative quantity (%),Mean,3,SEM,4,"38,2","5,2",e,tmz 12800,tmz 12800,NA,12800,,,
6609317e-1707-409d-a88f-9f7101cdbc4b,TRUE,Cell viability (%),Mean,3,SD,2,15,"1,5",e,tmz 3000 uM,tmz 3000 uM,NA,3000,,,
6609317e-1707-409d-a88f-9f7101cdbc4b,TRUE,Cell viability (%),Mean,3,SD,2,9,"2,8",e,tmz 5000 uM,tmz 5000 uM,NA,5000,,,
6609317e-1707-409d-a88f-9f7101cdbc4b,TRUE,Cell viability (%),Mean,3,SD,2,"6,7","2,8",e,tmz 6000 uM,tmz 6000 uM,NA,6000,,,
6c82fe2d-af65-4466-aaff-0cb0287e58dd,TRUE,Cell viability (% of control),Mean,3,SD,3,24,1,e,tmz 1600 uM,tmz 1600 uM,NA,1600,,,
6c82fe2d-af65-4466-aaff-0cb0287e58dd,TRUE,Cell viability (% of control),Mean,3,SD,3,"12,8","1,5",e,tmz 3200 uM,tmz 3200 uM,NA,3200,,,
7786d6d4-34ce-406f-9f90-ac4695aa0ac8,TRUE,Cell viability (%),Mean,3,SEM,3,71,"1,8",e,tmz 600 uM,tmz 600 uM,NA,600,,,
7786d6d4-34ce-406f-9f90-ac4695aa0ac8,TRUE,Cell viability (%),Mean,3,SEM,3,"22,1","2,6",e,tmz 2400 uM,tmz 2400 uM,NA,2400,,,
7786d6d4-34ce-406f-9f90-ac4695aa0ac8,TRUE,Cell viability (%),Mean,3,SEM,3,"47,5",2,e2,tmz 1200 uM,tmz 1200 uM,NA,1200,,,
7786d6d4-34ce-406f-9f90-ac4695aa0ac8,TRUE,Cell viability (%),Mean,3,SEM,3,56,"1,8",e,tmz 1200 uM,tmz 1200 uM,NA,1200,,,
7ac572dd-593a-45e8-bbdc-2908206558b2,TRUE,Cell viability,Mean,3,SD,1,"54,1","4,1",e,tmz 6000 uM,tmz 6000 uM,NA,6000,,,
7ac572dd-593a-45e8-bbdc-2908206558b2,TRUE,Cell viability,Mean,3,SD,2,"73,2","5,7",e,tmz 6000 uM,tmz 6000 uM,NA,6000,,,
7ac572dd-593a-45e8-bbdc-2908206558b2,TRUE,Cell viability,Mean,3,SD,3,"79,7","3,4",e,tmz 6000 uM,tmz 6000 uM,NA,6000,,,
7ac572dd-593a-45e8-bbdc-2908206558b2,TRUE,Cell viability,Mean,3,SD,1,46,"2,4",e,tmz 8000 uM,tmz 8000 uM,NA,8000,,,
7ac572dd-593a-45e8-bbdc-2908206558b2,TRUE,Cell viability,Mean,3,SD,2,"59,4","4,7",e,tmz 8000 uM,tmz 8000 uM,NA,8000,,,
7ac572dd-593a-45e8-bbdc-2908206558b2,TRUE,Cell viability,Mean,3,SD,3,67,"2,9",e,tmz 8000 uM,tmz 8000 uM,NA,8000,,,
803a5cdf-ab6b-4f76-b286-35a14c443612,TRUE,Cell viability (% of nontreated),Mean,3,SEM,3,"87,2","1,4",e,tmz 30 uM,tmz 30 uM,NA,30,,,
803a5cdf-ab6b-4f76-b286-35a14c443612,TRUE,Cell viability (% of nontreated),Mean,3,SEM,3,89,3,e2,tmz 30 uM,tmz 30 uM,NA,30,,,
828c1097-b791-43fe-9bf8-3cc8b020bdd7,TRUE,Cell viability (%),Mean,0,SD,6,1,2,e2,tmz 2500 uM,tmz 2500 uM,NA,2500,,,
828c1097-b791-43fe-9bf8-3cc8b020bdd7,TRUE,Cell viability (%),Mean,0,SD,6,"2,7",1,e,tmz 2500 uM,tmz 2500 uM,NA,2500,,,
828c1097-b791-43fe-9bf8-3cc8b020bdd7,TRUE,Cell viability (%),Mean,0,SD,6,1,2,e2,tmz 5000 uM,tmz 5000 uM,NA,5000,,,
828c1097-b791-43fe-9bf8-3cc8b020bdd7,TRUE,Cell viability (%),Mean,0,SD,6,"0,5",1,e,tmz 5000 uM,tmz 5000 uM,NA,5000,,,
828c1097-b791-43fe-9bf8-3cc8b020bdd7,TRUE,Cell viability (%),Mean,0,SD,6,0,1,e,tmz 10000 uM,tmz 10000 uM,NA,10000,,,
8348eaa2-160b-49e9-9a8a-cab250a0a730,TRUE,OD490(%),Mean,2,SD,,,,,control,,,0,,,
8348eaa2-160b-49e9-9a8a-cab250a0a730,TRUE,OD490(%),Mean,2,SD,,,,,tmz,,,1,,,
86d1eac3-4f54-4d81-bd3d-673f115de939,TRUE,Cellular density (% of control),Mean,3,SD,2,"79,5","9,05",e,tmz,tmz,NA,400,,,
8ac4c81e-cc63-4d82-8281-1bbd8ded58fd,TRUE,OD value at 490nm,Mean,3,SEM,1,"0,3","0,1",e mtt,tmz 100 uM mtt,tmz 100 uM mtt,NA,100,,,
8ac4c81e-cc63-4d82-8281-1bbd8ded58fd,TRUE,OD value at 490nm,Mean,3,SEM,2,"0,32","0,1",e mtt,tmz 100 uM mtt,tmz 100 uM mtt,NA,100,,,
8ac4c81e-cc63-4d82-8281-1bbd8ded58fd,TRUE,OD value at 490nm,Mean,3,SEM,3,"0,41","0,03",e mtt,tmz 100 uM mtt,tmz 100 uM mtt,NA,100,,,
8ac4c81e-cc63-4d82-8281-1bbd8ded58fd,TRUE,OD value at 490nm,Mean,3,SEM,4,"0,52","0,06",e mtt,tmz 100 uM mtt,tmz 100 uM mtt,NA,100,,,
8ac4c81e-cc63-4d82-8281-1bbd8ded58fd,TRUE,Cell number x1000,Mean,3,SEM,2,36,"8,5",e tb,tmz 100 uM tb,tmz 100 uM tb,NA,100,,,
8b82677b-2876-410c-8bb2-297b92608121,TRUE,Proliferation (% of control),Mean,3,SD,5,87,5,e,tmz 12.5 umol/L,tmz 12.5 umol/L,NA,12.5,,,
8b82677b-2876-410c-8bb2-297b92608121,TRUE,Proliferation (% of control),Mean,3,SD,5,88,5,e,tmz 7.5 umol/L,tmz 7.5 umol/L,NA,7.5,,,
8b82677b-2876-410c-8bb2-297b92608121,TRUE,Proliferation (% of control),Mean,3,SD,5,84,5,e,tmz 100 umol/L,tmz 100 umol/L,NA,100,,,
8b82677b-2876-410c-8bb2-297b92608121,TRUE,Proliferation (% of control),Mean,3,SD,5,97,10,e,tmz 25 umol/L,tmz 25 umol/L,NA,25,,,
8b82677b-2876-410c-8bb2-297b92608121,TRUE,Proliferation (% of control),Mean,3,SD,5,90,7,e,tmz 2.5 umol/L,tmz 2.5 umol/L,NA,2.5,,,
8b82677b-2876-410c-8bb2-297b92608121,TRUE,Proliferation (% of control),Mean,3,SD,5,100,4,e,tmz 75 umol/L,tmz 75 umol/L,NA,75,,,
8b82677b-2876-410c-8bb2-297b92608121,TRUE,Proliferation (% of control),Mean,3,SD,5,90,4,e,tmz 0.75 umol/L,tmz 0.75 umol/L,NA,0.75,,,
8b82677b-2876-410c-8bb2-297b92608121,TRUE,Proliferation (% of control),Mean,3,SD,5,97,5,e,tmz 50 umol/L,tmz 50 umol/L,NA,50,,,
8b82677b-2876-410c-8bb2-297b92608121,TRUE,Proliferation (% of control),Mean,3,SD,5,95,8,e,tmz 1.5 umol/L,tmz 1.5 umol/L,NA,1.5,,,
8b82677b-2876-410c-8bb2-297b92608121,TRUE,Proliferation (% of control),Mean,3,SD,5,90,7,e,tmz 2.5 umol/L,tmz 2.5 umol/L,NA,2.5,,,
90666892-d59e-4a37-be2b-4c003e810827,TRUE,Viability (%),Mean,3,SD,1,"72,4","2,5",e,tmz 40 ug/ml,tmz 40 ug/ml,NA,206.025207184099,x,,40
90666892-d59e-4a37-be2b-4c003e810827,TRUE,Viability (%),Mean,3,SD,1,"43,2","1,7",e,tmz 80 ug/ml,tmz 80 ug/ml,NA,412.050414368198,x,,80
90666892-d59e-4a37-be2b-4c003e810827,TRUE,Viability (%),Mean,3,SD,1,"81,9","1,7",e,tmz 20 ug/ml,tmz 20 ug/ml,NA,103.01260359205,x,,20
90666892-d59e-4a37-be2b-4c003e810827,TRUE,Viability (%),Mean,3,SD,1,"59,2","2,5",e,tmz 60 ug/ml,tmz 60 ug/ml,NA,309.037810776148,x,,60
90666892-d59e-4a37-be2b-4c003e810827,TRUE,Viability (%),Mean,3,SD,1,"34,3","2,5",e,tmz 100 ug/ml,tmz 100 ug/ml,NA,515.063017960247,x,,100
90666892-d59e-4a37-be2b-4c003e810827,TRUE,Viability (%),Mean,3,SD,1,"97,1","0,5",e,tmz 5 ug/ml,tmz 5 ug/ml,NA,25.7531508980124,x,,5
90666892-d59e-4a37-be2b-4c003e810827,TRUE,Viability (%),Mean,3,SD,1,90,"0,5",e,tmz 10 ug/ml,tmz 10 ug/ml,NA,51.5063017960248,x,,10
91eebf00-13ac-472f-9f48-cc8989f83c95,TRUE,Trypan blue + cells (%),Mean,0,SD,7,75,"8,8",e,tmz,tmz,NA,200,,,
932116ba-5dd7-42dc-be8b-0056f998b9c8,TRUE, Cell proliferation (%),Mean,5,SD,6,92,7,e1,tmz 30 uM,tmz 30 uM,NA,30,,,
932116ba-5dd7-42dc-be8b-0056f998b9c8,TRUE, Cell proliferation (%),Mean,5,SD,6,89,9,e2,tmz 30 uM,tmz 30 uM,NA,30,,,
943294a2-8777-482b-ac29-181e35f52192,FALSE, Mean inhibition rate (%),Mean,3,SD,3,"20,2","0,9",e,tmz 4 mM,tmz 4 mM,NA,4000,,,
943294a2-8777-482b-ac29-181e35f52192,FALSE, Mean inhibition rate (%),Mean,3,SD,3,42,"3,2",e,tmz 8 mM,tmz 8 mM,NA,8000,,,
943294a2-8777-482b-ac29-181e35f52192,FALSE, Mean inhibition rate (%),Mean,3,SD,3,70,"3,2",e,tmz 16 mM,tmz 16 mM,NA,16000,,,
943294a2-8777-482b-ac29-181e35f52192,FALSE, Mean inhibition rate (%),Mean,3,SD,3,"7,1","0,5",e,tmz 2 mM,tmz 2 mM,NA,2000,,,
9a9433d1-7245-4510-9f56-8032ad295081,TRUE,relative growth rate of the cells (RGR) in %,Mean,0,SD,1,86,"3,9",e,tmz (unknown conc.),tmz (unknown conc.),NA,NA,,,
9a9433d1-7245-4510-9f56-8032ad295081,TRUE,relative growth rate of the cells (RGR) in %,Mean,0,SD,2,"68,3","2,5",e,tmz (unknown conc.),tmz (unknown conc.),NA,NA,,,
9a9433d1-7245-4510-9f56-8032ad295081,TRUE,relative growth rate of the cells (RGR) in %,Mean,0,SD,3,64,"3,9",e,tmz (unknown conc.),tmz (unknown conc.),NA,NA,,,
9c39873d-c167-42cd-9fd5-7c3e92bf7ffa,TRUE,U87MG viability (% of control),Mean,2,SD,2,73,9,e2,tmz 1500 uM,tmz 1500 uM,NA,1500,,,
9c39873d-c167-42cd-9fd5-7c3e92bf7ffa,TRUE,U87MG viability (% of control),Mean,2,SD,3,99,6,e2,tmz 1500 uM,tmz 1500 uM,NA,1500,,,
9c39873d-c167-42cd-9fd5-7c3e92bf7ffa,TRUE,U87MG viability (% of control),Mean,2,SD,4,112,4,e2,tmz 1500 uM,tmz 1500 uM,NA,1500,,,
9c39873d-c167-42cd-9fd5-7c3e92bf7ffa,TRUE,U87MG viability (% of control),Mean,2,SD,2,90,5,e2,tmz 1750 uM,tmz 1750 uM,NA,1750,,,
9c39873d-c167-42cd-9fd5-7c3e92bf7ffa,TRUE,U87MG viability (% of control),Mean,2,SD,3,89,6,e2,tmz 1750 uM,tmz 1750 uM,NA,1750,,,
9c39873d-c167-42cd-9fd5-7c3e92bf7ffa,TRUE,U87MG viability (% of control),Mean,2,SD,4,71,5,e2,tmz 1750 uM,tmz 1750 uM,NA,1750,,,
9c39873d-c167-42cd-9fd5-7c3e92bf7ffa,TRUE,U87MG viability (% of control),Mean,2,SD,2,110,5,e,tmz 175 uM,tmz 175 uM,NA,175,,,
9c39873d-c167-42cd-9fd5-7c3e92bf7ffa,TRUE,U87MG viability (% of control),Mean,2,SD,3,161,45,e,tmz 175 uM,tmz 175 uM,NA,175,,,
9c39873d-c167-42cd-9fd5-7c3e92bf7ffa,TRUE,U87MG viability (% of control),Mean,2,SD,7,108,10,e,tmz 175 uM,tmz 175 uM,NA,175,,,
9c39873d-c167-42cd-9fd5-7c3e92bf7ffa,TRUE,U87MG viability (% of control),Mean,2,SD,2,95,9,e2,tmz 1250 uM,tmz 1250 uM,NA,1250,,,
9c39873d-c167-42cd-9fd5-7c3e92bf7ffa,TRUE,U87MG viability (% of control),Mean,2,SD,3,83,6,e2,tmz 1250 uM,tmz 1250 uM,NA,1250,,,
9c39873d-c167-42cd-9fd5-7c3e92bf7ffa,TRUE,U87MG viability (% of control),Mean,2,SD,4,114,17,e2,tmz 1250 uM,tmz 1250 uM,NA,1250,,,
a5eea77e-d942-42de-9d14-318ea8c5a802,TRUE,cell viability (% of control),Mean,3,SD,6,"48,5","10,8",e,tmz unknown,tmz unknown,NA,NA,,,
a729a71e-a8ac-4201-98fc-13363c7932a6,TRUE,Cell growth (%),Mean,3,SD,2,"31,5","1,4",e,tmz 35 uM,tmz 35 uM,NA,35,,,
a729a71e-a8ac-4201-98fc-13363c7932a6,TRUE,Cell growth (%),Mean,3,SD,2,"35,3","0,9",e,tmz 30 uM,tmz 30 uM,NA,30,,,
a72e4b21-2294-41cd-b386-f4c69d93481e,TRUE,Cell viability (%),Mean,0,SD,5,"63,5","5,2",e,tmz 97 uM,tmz 97 uM,NA,97,,,
ad1b25e3-3281-4c87-89c2-d3894df7a33a,TRUE,Cell survival (%),Mean,3,SD,1,"64,5","1,8",e 40C,tmz,tmz,NA,500,,,
ad1b25e3-3281-4c87-89c2-d3894df7a33a,TRUE,Cell survival (%),Mean,3,SD,1,81,3,e 37C,tmz,tmz,NA,500,,,
afeaea9e-1bb7-4314-881a-ea9811b22186,TRUE,OD (490nm),Mean,3,SD,0,"0,25","0,02",e,tmz (unknown conc),tmz (unknown conc),NA,NA,,,
afeaea9e-1bb7-4314-881a-ea9811b22186,TRUE,OD (490nm),Mean,3,SD,1,"0,54","0,06",e,tmz (unknown conc),tmz (unknown conc),NA,NA,,,
afeaea9e-1bb7-4314-881a-ea9811b22186,TRUE,OD (490nm),Mean,3,SD,2,"1,13","0,08",e,tmz (unknown conc),tmz (unknown conc),NA,NA,,,
afeaea9e-1bb7-4314-881a-ea9811b22186,TRUE,OD (490nm),Mean,3,SD,3,"2,13","0,13",e,tmz (unknown conc),tmz (unknown conc),NA,NA,,,
b1c376e5-7358-4b31-b62c-d878e7c9ce68,TRUE,growth inhibition (%),Mean,3,SEM,1,"32,9","2,4",e,tmz 0.4 mM,tmz 0.4 mM,NA,400,,,
b1c376e5-7358-4b31-b62c-d878e7c9ce68,TRUE,growth inhibition (%),Mean,3,SEM,1,"53,9","1,2",e,tmz 0.5 mM,tmz 0.5 mM,NA,500,,,
b1c376e5-7358-4b31-b62c-d878e7c9ce68,TRUE,growth inhibition (%),Mean,3,SEM,1,"17,7","0,7",e,tmz 0.1 mM,tmz 0.1 mM,NA,100,,,
b1c376e5-7358-4b31-b62c-d878e7c9ce68,TRUE,growth inhibition (%),Mean,3,SEM,1,"6,1",1,e,tmz 0.025 mM,tmz 0.025 mM,NA,25,,,
b1c376e5-7358-4b31-b62c-d878e7c9ce68,TRUE,growth inhibition (%),Mean,3,SEM,1,"27,1","0,9",e,tmz 0.2 mM,tmz 0.2 mM,NA,200,,,
b1c376e5-7358-4b31-b62c-d878e7c9ce68,TRUE,growth inhibition (%),Mean,3,SEM,1,"12,8","1,2",e,tmz 0.05 mM,tmz 0.05 mM,NA,50,,,
b5a1af17-52df-4ecc-997c-68d8919c2d83,TRUE,Cell viability (% of control),Mean,3,SD,1,87,"2,7",e,tmz 160 uM,tmz 160 uM,NA,160,,,
b5a1af17-52df-4ecc-997c-68d8919c2d83,TRUE,Cell viability (% of control),Mean,3,SD,2,"75,2","6,5",e,tmz 160 uM,tmz 160 uM,NA,160,,,
b5a1af17-52df-4ecc-997c-68d8919c2d83,TRUE,Cell viability (% of control),Mean,3,SD,3,"49,6","0,5",e,tmz 160 uM,tmz 160 uM,NA,160,,,
b5a1af17-52df-4ecc-997c-68d8919c2d83,TRUE,Cell viability (% of control),Mean,3,SD,1,"70,9","0,5",e,tmz 320 uM,tmz 320 uM,NA,320,,,
b5a1af17-52df-4ecc-997c-68d8919c2d83,TRUE,Cell viability (% of control),Mean,3,SD,2,"49,4","4,4",e,tmz 320 uM,tmz 320 uM,NA,320,,,
b5a1af17-52df-4ecc-997c-68d8919c2d83,TRUE,Cell viability (% of control),Mean,3,SD,3,"37,1","2,7",e,tmz 320 uM,tmz 320 uM,NA,320,,,
b5a1af17-52df-4ecc-997c-68d8919c2d83,TRUE,Cell viability (% of control),Mean,3,SD,1,"72,6","2,2",e,tmz 240 uM,tmz 240 uM,NA,240,,,
b5a1af17-52df-4ecc-997c-68d8919c2d83,TRUE,Cell viability (% of control),Mean,3,SD,2,"53,8","4,9",e,tmz 240 uM,tmz 240 uM,NA,240,,,
b5a1af17-52df-4ecc-997c-68d8919c2d83,TRUE,Cell viability (% of control),Mean,3,SD,3,"40,3","4,4",e,tmz 240 uM,tmz 240 uM,NA,240,,,
b5a1af17-52df-4ecc-997c-68d8919c2d83,TRUE,Cell viability (% of control),Mean,3,SD,1,95,"2,2",e,tmz 80 uM,tmz 80 uM,NA,80,,,
b5a1af17-52df-4ecc-997c-68d8919c2d83,TRUE,Cell viability (% of control),Mean,3,SD,2,"84,4","2,7",e,tmz 80 uM,tmz 80 uM,NA,80,,,
b5a1af17-52df-4ecc-997c-68d8919c2d83,TRUE,Cell viability (% of control),Mean,3,SD,3,"53,3","2,2",e,tmz 80 uM,tmz 80 uM,NA,80,,,
bb056e51-f833-4bbc-a8f1-eecfe62bf9c9,TRUE,Absorbance (%),Mean,2,SEM,6,"52,4","1,5",e,tmz 30 uM,tmz 30 uM,NA,30,,,
c1683855-0076-441f-99c7-0cdc8e3873f1,TRUE,Proliferation (A 490),Mean,2,SEM,3,"2,29","0,03",e2 (cv OD),control (cv OD),control (cv OD),NA,0,,,
c1683855-0076-441f-99c7-0cdc8e3873f1,TRUE,Proliferation (A 490),Mean,2,SEM,3,"1,78","0,06",e3 (cv OD),control (cv OD),control (cv OD),NA,0,,,
c1683855-0076-441f-99c7-0cdc8e3873f1,TRUE,Proliferation (A 490),Mean,2,SEM,3,"1,81","0,03",e2 (cv OD),tmz 50 uM (cv OD),tmz 50 uM (cv OD),NA,50,,,
c1683855-0076-441f-99c7-0cdc8e3873f1,TRUE,Proliferation (A 490),Mean,2,SEM,3,"1,32","0,04",e3 (cv OD),tmz 50 uM (cv OD),tmz 50 uM (cv OD),NA,50,,,
c1683855-0076-441f-99c7-0cdc8e3873f1,TRUE,Proliferation (% of control),Mean,2,SEM,3,100,"4,3",e (cv %),control (cv %),control (cv %),NA,0,,,
c1683855-0076-441f-99c7-0cdc8e3873f1,TRUE,Proliferation (% of control),Mean,2,SEM,3,"31,4","2,3",e (cv %),tmz 200 uM (cv %),tmz 200 uM (cv %),NA,200,,,
c1683855-0076-441f-99c7-0cdc8e3873f1,TRUE,Proliferation (% of control),Mean,2,SEM,3,"38,3","2,3",e (cv %),tmz 100 uM (cv %),tmz 100 uM (cv %),NA,100,,,
c1683855-0076-441f-99c7-0cdc8e3873f1,TRUE,Proliferation (% of control),Mean,2,SEM,3,"80,5","1,5",e (cv %),tmz 50 uM (cv %),tmz 50 uM (cv %),NA,50,,,
c23a74cd-5366-43a3-9328-b684438a02d2,TRUE,Cell viability (% of control),Mean,3,SD,3,"27,2","3,4",e,tmz 1200 uM,tmz 1200 uM,NA,1200,,,
cc7b32c6-5485-4ed8-90cf-562706fa6955,TRUE,Cell viability (% of control),Mean,4,SEM,3,"31,3",3,e,tmz 256 uM,tmz 256 uM,NA,256,,,
cc7b32c6-5485-4ed8-90cf-562706fa6955,TRUE,Cell viability (% of control),Mean,4,SEM,3,"42,4",4,e,tmz 128 uM,tmz 128 uM,NA,128,,,
cc7b32c6-5485-4ed8-90cf-562706fa6955,TRUE,Cell viability (% of control),Mean,4,SEM,3,"89,9",4,e,tmz 8 uM,tmz 8 uM,NA,8,,,
cc7b32c6-5485-4ed8-90cf-562706fa6955,TRUE,Cell viability (% of control),Mean,4,SEM,3,"94,2",2,e,tmz 3 uM,tmz 3 uM,NA,3,,,
cc7b32c6-5485-4ed8-90cf-562706fa6955,TRUE,Cell viability (% of control),Mean,4,SEM,3,"53,4",5,e,tmz 64 uM,tmz 64 uM,NA,64,,,
cc7b32c6-5485-4ed8-90cf-562706fa6955,TRUE,Cell viability (% of control),Mean,4,SEM,3,"81,3",11,e,tmz 16 uM,tmz 16 uM,NA,16,,,
cc7b32c6-5485-4ed8-90cf-562706fa6955,TRUE,Cell viability (% of control),Mean,4,SEM,3,"67,4",7,e,tmz 32 uM,tmz 32 uM,NA,32,,,
cd9cc8b6-ff29-4acd-a1d6-4b1c4764daad,TRUE,Cell viability (% of control),Mean,3,SEM,1,99,"1,9",e cck8,tmz 50 uM cck8,tmz 50 uM cck8,NA,50,,,
cd9cc8b6-ff29-4acd-a1d6-4b1c4764daad,TRUE,Cell viability (% of control),Mean,3,SEM,2,92,"1,4",e cck8,tmz 50 uM cck8,tmz 50 uM cck8,NA,50,,,
cd9cc8b6-ff29-4acd-a1d6-4b1c4764daad,TRUE,Cell viability (% of control),Mean,3,SEM,3,83,"1,8",e cck8,tmz 50 uM cck8,tmz 50 uM cck8,NA,50,,,
cd9cc8b6-ff29-4acd-a1d6-4b1c4764daad,TRUE,Cell viability (% of control),Mean,3,SEM,1,99,"2,4",e mtt,tmz 50 uM mtt,tmz 50 uM mtt,NA,50,,,
cd9cc8b6-ff29-4acd-a1d6-4b1c4764daad,TRUE,Cell viability (% of control),Mean,3,SEM,2,"88,7","1,4",e mtt,tmz 50 uM mtt,tmz 50 uM mtt,NA,50,,,
cd9cc8b6-ff29-4acd-a1d6-4b1c4764daad,TRUE,Cell viability (% of control),Mean,3,SEM,3,"78,5","2,4",e mtt,tmz 50 uM mtt,tmz 50 uM mtt,NA,50,,,
cfce2e42-f3af-4fbf-b146-829d6c4ddb9e,TRUE,Relative absorbance,Mean,3,SD,0,"0,93","0,05",e,tmz,tmz,NA,200,,,
cfce2e42-f3af-4fbf-b146-829d6c4ddb9e,TRUE,Relative absorbance,Mean,3,SD,1,"0,86","0,04",e,tmz,tmz,NA,200,,,
cfce2e42-f3af-4fbf-b146-829d6c4ddb9e,TRUE,Relative absorbance,Mean,3,SD,2,"0,82","0,03",e,tmz,tmz,NA,200,,,
cfce2e42-f3af-4fbf-b146-829d6c4ddb9e,TRUE,Relative absorbance,Mean,3,SD,3,"0,78","0,03",e,tmz,tmz,NA,200,,,
cfce2e42-f3af-4fbf-b146-829d6c4ddb9e,TRUE,Relative absorbance,Mean,3,SD,4,"0,53","0,04",e,tmz,tmz,NA,200,,,
cfce2e42-f3af-4fbf-b146-829d6c4ddb9e,TRUE,Relative absorbance,Mean,3,SD,5,"0,43","0,05",e,tmz,tmz,NA,200,,,
d5df5767-86c8-4c6b-96d0-acad2db2d863,TRUE,Cell viability (%),Mean,6,SD,1,"97,7","6,9",e,tmz 7.8 uM,tmz 7.8 uM,NA,7.8,,,
d5df5767-86c8-4c6b-96d0-acad2db2d863,TRUE,Cell viability (%),Mean,6,SD,2,"88,9","6,4",e,tmz 7.8 uM,tmz 7.8 uM,NA,7.8,,,
d5df5767-86c8-4c6b-96d0-acad2db2d863,TRUE,Cell viability (%),Mean,6,SD,3,"87,6","3,2",e,tmz 7.8 uM,tmz 7.8 uM,NA,7.8,,,
d5df5767-86c8-4c6b-96d0-acad2db2d863,TRUE,Cell viability (%),Mean,6,SD,1,"107,8","4,9",e,tmz 3.9 uM,tmz 3.9 uM,NA,3.9,,,
d5df5767-86c8-4c6b-96d0-acad2db2d863,TRUE,Cell viability (%),Mean,6,SD,2,94,"2,4",e,tmz 3.9 uM,tmz 3.9 uM,NA,3.9,,,
d5df5767-86c8-4c6b-96d0-acad2db2d863,TRUE,Cell viability (%),Mean,6,SD,3,"90,8","4,2",e,tmz 3.9 uM,tmz 3.9 uM,NA,3.9,,,
d5df5767-86c8-4c6b-96d0-acad2db2d863,TRUE,Cell viability (%),Mean,6,SD,1,"83,4","8,7",e,tmz 31.2 uM,tmz 31.2 uM,NA,31.2,,,
d5df5767-86c8-4c6b-96d0-acad2db2d863,TRUE,Cell viability (%),Mean,6,SD,2,87,"7,4",e,tmz 31.2 uM,tmz 31.2 uM,NA,31.2,,,
d5df5767-86c8-4c6b-96d0-acad2db2d863,TRUE,Cell viability (%),Mean,6,SD,3,"81,5","7,4",e,tmz 31.2 uM,tmz 31.2 uM,NA,31.2,,,
d5df5767-86c8-4c6b-96d0-acad2db2d863,TRUE,Cell viability (%),Mean,6,SD,1,"93,8","6,4",e,tmz 15.6 uM,tmz 15.6 uM,NA,15.6,,,
d5df5767-86c8-4c6b-96d0-acad2db2d863,TRUE,Cell viability (%),Mean,6,SD,2,"87,6",12,e,tmz 15.6 uM,tmz 15.6 uM,NA,15.6,,,
d5df5767-86c8-4c6b-96d0-acad2db2d863,TRUE,Cell viability (%),Mean,6,SD,3,"84,7","7,8",e,tmz 15.6 uM,tmz 15.6 uM,NA,15.6,,,
d5df5767-86c8-4c6b-96d0-acad2db2d863,TRUE,Cell viability (%),Mean,6,SD,1,"71,9","6,4",e,tmz 62.5 uM,tmz 62.5 uM,NA,62.5,,,
d5df5767-86c8-4c6b-96d0-acad2db2d863,TRUE,Cell viability (%),Mean,6,SD,2,"86,2","7,3",e,tmz 62.5 uM,tmz 62.5 uM,NA,62.5,,,
d5df5767-86c8-4c6b-96d0-acad2db2d863,TRUE,Cell viability (%),Mean,6,SD,3,"79,6","6,9",e,tmz 62.5 uM,tmz 62.5 uM,NA,62.5,,,
d96e3310-73e6-4d24-b7cb-bdcaf1ec0efd,FALSE,Inhibition rate (%),Mean,0,SD,2,16,"1,8",2,tmz 0.1 uM,tmz 0.1 uM,NA,0.1,,,
db764b96-86d1-4aee-961e-b85e0cda55cf,TRUE,Cell number (x1000),Mean,0,SD,1,"1,63","0,24",e,tmz (unknown conc),tmz (unknown conc),NA,NA,,,
db764b96-86d1-4aee-961e-b85e0cda55cf,TRUE,Cell number (x1000),Mean,0,SD,2,"1,45","0,3",e,tmz (unknown conc),tmz (unknown conc),NA,NA,,,
db764b96-86d1-4aee-961e-b85e0cda55cf,TRUE,Cell number (x1000),Mean,0,SD,3,"1,33","0,28",e,tmz (unknown conc),tmz (unknown conc),NA,NA,,,
db764b96-86d1-4aee-961e-b85e0cda55cf,TRUE,Cell number (x1000),Mean,0,SD,4,"1,1","0,26",e,tmz (unknown conc),tmz (unknown conc),NA,NA,,,
e655f8ff-ca46-4d8e-b718-9d613cec8733,TRUE,Fold change compared to control (day 0),Mean,3,SD,0,"0,5","0,1",e,tmz 65 uM,tmz 65 uM,NA,65,,,
e655f8ff-ca46-4d8e-b718-9d613cec8733,TRUE,Fold change compared to control (day 0),Mean,3,SD,2,"1,6","0,7",e,tmz 65 uM,tmz 65 uM,NA,65,,,
e655f8ff-ca46-4d8e-b718-9d613cec8733,TRUE,Fold change compared to control (day 0),Mean,3,SD,4,"4,7","0,4",e,tmz 65 uM,tmz 65 uM,NA,65,,,
e655f8ff-ca46-4d8e-b718-9d613cec8733,TRUE,Fold change compared to control (day 0),Mean,3,SD,6,"6,4","0,6",e,tmz 65 uM,tmz 65 uM,NA,65,,,
e76f5704-1e0d-4416-97d8-f47b618ccd3d,TRUE,Survival rate (%),Mean,3,SD,2,"38,4","2,9",e,tmz 1.5 mM,tmz 1.5 mM,NA,1500,,,
e76f5704-1e0d-4416-97d8-f47b618ccd3d,TRUE,Survival rate (%),Mean,3,SD,2,"48,7","2,5",e,tmz 0.5 mM,tmz 0.5 mM,NA,500,,,
e76f5704-1e0d-4416-97d8-f47b618ccd3d,TRUE,Survival rate (%),Mean,3,SD,2,"34,8","2,9",e,tmz 2.0 mM,tmz 2.0 mM,NA,2000,,,
e76f5704-1e0d-4416-97d8-f47b618ccd3d,TRUE,Survival rate (%),Mean,3,SD,2,"47,6","2,4",e,tmz 1.0 mM,tmz 1.0 mM,NA,1000,,,
e76f5704-1e0d-4416-97d8-f47b618ccd3d,TRUE,Survival rate (%),Mean,3,SD,2,"28,5","1,5",e,tmz 2.5 mM,tmz 2.5 mM,NA,2500,,,
ee686ee8-038b-47d2-9995-37183f9c51be,TRUE,Proliferation,Mean,3,SD,5,"0,08","0,03",e2,tmz 300 umol/L,tmz 300 umol/L,NA,300,,,
ee686ee8-038b-47d2-9995-37183f9c51be,TRUE,Proliferation,Mean,3,SD,5,"0,05","0,02",e,tmz 300 umol/L,tmz 300 umol/L,NA,300,,,
ee686ee8-038b-47d2-9995-37183f9c51be,TRUE,Proliferation,Mean,3,SD,5,"0,07","0,03",e2,tmz 500 umol/L,tmz 500 umol/L,NA,500,,,
ee686ee8-038b-47d2-9995-37183f9c51be,TRUE,Proliferation,Mean,3,SD,5,"0,04","0,01",e,tmz 500 umol/L,tmz 500 umol/L,NA,500,,,
ee686ee8-038b-47d2-9995-37183f9c51be,TRUE,Proliferation,Mean,3,SD,5,"0,08","0,04",e2,tmz 400 umol/L,tmz 400 umol/L,NA,400,,,
ee686ee8-038b-47d2-9995-37183f9c51be,TRUE,Proliferation,Mean,3,SD,5,"0,06","0,01",e,tmz 400 umol/L,tmz 400 umol/L,NA,400,,,
ee686ee8-038b-47d2-9995-37183f9c51be,TRUE,Proliferation,Mean,3,SD,5,"0,19","0,04",e2,tmz 80 umol/L,tmz 80 umol/L,NA,80,,,
ee686ee8-038b-47d2-9995-37183f9c51be,TRUE,Proliferation,Mean,3,SD,5,"0,2","0,06",e,tmz 80 umol/L,tmz 80 umol/L,NA,80,,,
ee686ee8-038b-47d2-9995-37183f9c51be,TRUE,Proliferation,Mean,3,SD,5,"0,09","0,03",e2,tmz 200 umol/L,tmz 200 umol/L,NA,200,,,
ee686ee8-038b-47d2-9995-37183f9c51be,TRUE,Proliferation,Mean,3,SD,5,"0,07","0,03",e,tmz 200 umol/L,tmz 200 umol/L,NA,200,,,
ee686ee8-038b-47d2-9995-37183f9c51be,TRUE,Proliferation,Mean,3,SD,5,"0,63","0,03",e2,tmz 20 umol/L,tmz 20 umol/L,NA,20,,,
ee686ee8-038b-47d2-9995-37183f9c51be,TRUE,Proliferation,Mean,3,SD,5,"0,62","0,01",e,tmz 20 umol/L,tmz 20 umol/L,NA,20,,,
ee686ee8-038b-47d2-9995-37183f9c51be,TRUE,Proliferation,Mean,3,SD,5,"0,07","0,06",e2,tmz 1000 umol/L,tmz 1000 umol/L,NA,1000,,,
ee686ee8-038b-47d2-9995-37183f9c51be,TRUE,Proliferation,Mean,3,SD,5,"0,12","0,03",e2,tmz 100 umol/L,tmz 100 umol/L,NA,100,,,
ee686ee8-038b-47d2-9995-37183f9c51be,TRUE,Proliferation,Mean,3,SD,5,"0,09","0,05",e,tmz 100 umol/L,tmz 100 umol/L,NA,100,,,
ee686ee8-038b-47d2-9995-37183f9c51be,TRUE,Proliferation,Mean,3,SD,5,"0,45","0,03",e2,tmz 40 umol/L,tmz 40 umol/L,NA,40,,,
ee686ee8-038b-47d2-9995-37183f9c51be,TRUE,Proliferation,Mean,3,SD,5,"0,42","0,03",e,tmz 40 umol/L,tmz 40 umol/L,NA,40,,,
ee686ee8-038b-47d2-9995-37183f9c51be,TRUE,Proliferation,Mean,3,SD,5,"0,36","0,04",e2,tmz 60 umol/L,tmz 60 umol/L,NA,60,,,
ee686ee8-038b-47d2-9995-37183f9c51be,TRUE,Proliferation,Mean,3,SD,5,"0,33","0,05",e,tmz 60 umol/L,tmz 60 umol/L,NA,60,,,
ee686ee8-038b-47d2-9995-37183f9c51be,TRUE,Proliferation,Mean,3,SD,5,"0,06","0,04",e2,tmz 600 umol/L,tmz 600 umol/L,NA,600,,,
f08c5376-874b-4753-b626-98f3d9870491,TRUE,Cell survival (%) / MTT response,Mean,3,SEM,1,"94,7","8,2",e,tmz 0.1 uM,tmz 0.1 uM,NA,0.1,,,
f08c5376-874b-4753-b626-98f3d9870491,TRUE,Cell survival (%) / MTT response,Mean,3,SEM,1,"94,2","12,2",e,tmz 0.01 uM,tmz 0.01 uM,NA,0.01,,,
f0c825a5-5083-4867-8af2-38cf451117c6,TRUE,Cell viability (% of control),Mean,3,SD,2,"91,5",3,e2 (tb),tmz 400 tb,tmz 400 tb,NA,400,,,
f0c825a5-5083-4867-8af2-38cf451117c6,TRUE,Cell viability (% of control),Mean,4,SD,1,92,4,e,tmz 875 uM,tmz 875 uM,NA,875,,,
f0c825a5-5083-4867-8af2-38cf451117c6,TRUE,Cell viability (% of control),Mean,4,SD,2,"74,5",8,e,tmz 875 uM,tmz 875 uM,NA,875,,,
f0c825a5-5083-4867-8af2-38cf451117c6,TRUE,Cell growth (% of control at time zero),Mean,3,SD,0,100,0,e3 (srb),tmz 400 srb,tmz 400 srb,NA,400,,,
f0c825a5-5083-4867-8af2-38cf451117c6,TRUE,Cell growth (% of control at time zero),Mean,3,SD,1,"155,5",7,e3 (srb),tmz 400 srb,tmz 400 srb,NA,400,,,
f0c825a5-5083-4867-8af2-38cf451117c6,TRUE,Cell growth (% of control at time zero),Mean,3,SD,2,240,20,e3 (srb),tmz 400 srb,tmz 400 srb,NA,400,,,
f0c825a5-5083-4867-8af2-38cf451117c6,TRUE,Cell growth (% of control at time zero),Mean,3,SD,3,370,15,e3 (srb),tmz 400 srb,tmz 400 srb,NA,400,,,
f3d71ce9-7c96-4de2-aec1-9d4e3cdb959a,TRUE,"Cell proliferation, OD450-OD690",Mean,6,SEM,3,"0,98","0,09",e2,tmz 100 uM thymidine,tmz 100 uM thymidine,NA,100,,,
f519c5fc-9a40-4cd0-a437-e65cd2097d33,TRUE,Viability (%),Mean,3,SEM,0,"91,9",2,e,tmz 0.1 ug/ml,tmz 0.1 ug/ml,NA,0.515063017960247,x,,"0,1"
f519c5fc-9a40-4cd0-a437-e65cd2097d33,TRUE,Viability (%),Mean,3,SEM,0,64,2,e,tmz 100 ug/ml,tmz 100 ug/ml,NA,515.063017960247,x,,100
f519c5fc-9a40-4cd0-a437-e65cd2097d33,TRUE,Viability (%),Mean,3,SEM,0,"86,3",2,e,tmz 1 ug/ml,tmz 1 ug/ml,NA,5.15063017960248,x,,1
f519c5fc-9a40-4cd0-a437-e65cd2097d33,TRUE,Viability (%),Mean,3,SEM,0,72,"3,7",e,tmz 10 ug/ml,tmz 10 ug/ml,NA,51.5063017960248,x,,10
f6ee1fa2-27e8-423e-b13d-1c8935438f4f,TRUE,Viable cells (%),Mean,3,SD,"0,1666","61,4","2,4",e,tmz15 uM,tmz15 uM,NA,15,,,
f6ee1fa2-27e8-423e-b13d-1c8935438f4f,TRUE,Viable cells (%),Mean,3,SD,"0,1666","55,3","0,5",e,tmz 22.5 uM,tmz 22.5 uM,NA,22.5,,,
